排名,标题,链接,热度
1,0必须抓好基层治理现代化这项工作,https://www.baidu.com/s?wd=%E5%BF%85%E9%A1%BB%E6%8A%93%E5%A5%BD%E5%9F%BA%E5%B1%82%E6%B2%BB%E7%90%86%E7%8E%B0%E4%BB%A3%E5%8C%96%E8%BF%99%E9%A1%B9%E5%B7%A5%E4%BD%9C&sa=fyb_n_homepage&rsv_dl=fyb_n_homepage&from=super&cl=3&tn=baidutop10&fr=top1000&rsv_idx=2&hisfilter=1,
2,5身份证过期后还能接着用吗,https://www.baidu.com/s?wd=%E8%BA%AB%E4%BB%BD%E8%AF%81%E8%BF%87%E6%9C%9F%E5%90%8E%E8%BF%98%E8%83%BD%E6%8E%A5%E7%9D%80%E7%94%A8%E5%90%97&sa=fyb_n_homepage&rsv_dl=fyb_n_homepage&from=super&cl=3&tn=baidutop10&fr=top1000&rsv_idx=2&hisfilter=1,
3,1市监局称4只皮皮虾1035元价格合规,https://www.baidu.com/s?wd=%E5%B8%82%E7%9B%91%E5%B1%80%E7%A7%B04%E5%8F%AA%E7%9A%AE%E7%9A%AE%E8%99%BE1035%E5%85%83%E4%BB%B7%E6%A0%BC%E5%90%88%E8%A7%84&sa=fyb_n_homepage&rsv_dl=fyb_n_homepage&from=super&cl=3&tn=baidutop10&fr=top1000&rsv_idx=2&hisfilter=1,
4,6顾客买24件衣服全退 店主心态崩了,https://www.baidu.com/s?wd=%E9%A1%BE%E5%AE%A2%E4%B9%B024%E4%BB%B6%E8%A1%A3%E6%9C%8D%E5%85%A8%E9%80%80+%E5%BA%97%E4%B8%BB%E5%BF%83%E6%80%81%E5%B4%A9%E4%BA%86&sa=fyb_n_homepage&rsv_dl=fyb_n_homepage&from=super&cl=3&tn=baidutop10&fr=top1000&rsv_idx=2&hisfilter=1,
5,2中方回应日本多地爆发示威活动,https://www.baidu.com/s?wd=%E4%B8%AD%E6%96%B9%E5%9B%9E%E5%BA%94%E6%97%A5%E6%9C%AC%E5%A4%9A%E5%9C%B0%E7%88%86%E5%8F%91%E7%A4%BA%E5%A8%81%E6%B4%BB%E5%8A%A8&sa=fyb_n_homepage&rsv_dl=fyb_n_homepage&from=super&cl=3&tn=baidutop10&fr=top1000&rsv_idx=2&hisfilter=1,
6,7女子跟房东结婚 新郎真叫“房东”,https://www.baidu.com/s?wd=%E5%A5%B3%E5%AD%90%E8%B7%9F%E6%88%BF%E4%B8%9C%E7%BB%93%E5%A9%9A+%E6%96%B0%E9%83%8E%E7%9C%9F%E5%8F%AB%E2%80%9C%E6%88%BF%E4%B8%9C%E2%80%9D&sa=fyb_n_homepage&rsv_dl=fyb_n_homepage&from=super&cl=3&tn=baidutop10&fr=top1000&rsv_idx=2&hisfilter=1,
7,3从0到1 从1到100 从100到10000,https://www.baidu.com/s?wd=%E4%BB%8E0%E5%88%B01+%E4%BB%8E1%E5%88%B0100+%E4%BB%8E100%E5%88%B010000&sa=fyb_n_homepage&rsv_dl=fyb_n_homepage&from=super&cl=3&tn=baidutop10&fr=top1000&rsv_idx=2&hisfilter=1,
8,8高铁站再现“人均”小红筐,https://www.baidu.com/s?wd=%E9%AB%98%E9%93%81%E7%AB%99%E5%86%8D%E7%8E%B0%E2%80%9C%E4%BA%BA%E5%9D%87%E2%80%9D%E5%B0%8F%E7%BA%A2%E7%AD%90&sa=fyb_n_homepage&rsv_dl=fyb_n_homepage&from=super&cl=3&tn=baidutop10&fr=top1000&rsv_idx=2&hisfilter=1,
9,4多平台已下架全李酒店,https://www.baidu.com/s?wd=%E5%A4%9A%E5%B9%B3%E5%8F%B0%E5%B7%B2%E4%B8%8B%E6%9E%B6%E5%85%A8%E6%9D%8E%E9%85%92%E5%BA%97&sa=fyb_n_homepage&rsv_dl=fyb_n_homepage&from=super&cl=3&tn=baidutop10&fr=top1000&rsv_idx=2&hisfilter=1,
10,9中国离不开世界杯？世界杯更需要中国,https://www.baidu.com/s?wd=%E4%B8%AD%E5%9B%BD%E7%A6%BB%E4%B8%8D%E5%BC%80%E4%B8%96%E7%95%8C%E6%9D%AF%EF%BC%9F%E4%B8%96%E7%95%8C%E6%9D%AF%E6%9B%B4%E9%9C%80%E8%A6%81%E4%B8%AD%E5%9B%BD&sa=fyb_n_homepage&rsv_dl=fyb_n_homepage&from=super&cl=3&tn=baidutop10&fr=top1000&rsv_idx=2&hisfilter=1,
